H1N1,H3N2
455,161
458,164
542,167
545,170
548,173
551,179
554,182
560,188
563,191
566,200
569,206
572,215
575,218
635,230
638,254
641,263
644,269
647,272
650,275
653,278
656,287
659,290
662,293
665,302
668,305
581,311
584,317
587,335
590,338
593,356
692,380
695,392
698,395
788,401
791,407
794,413
494,416
497,419
500,422
503,425
506,428
509,434
746,440
749,443
293,449
296,455
299,458
302,461
305,464
308,467
454,479
457,485
541,494
544,497
547,500
550,503
553,506
559,509
562,518
565,521
568,524
571,530
574,533
634,539
637,542
640,545
643,548
646,551
649,554
652,557
655,560
658,566
661,575
664,587
667,590
580,593
583,596
586,599
589,605
592,608
691,611
694,617
697,620
787,623
790,632
793,638
493,650
496,653
499,656
502,665
505,668
508,671
745,674
748,677
292,680
295,683
298,686
301,707
304,710
307,713
453,716
456,719
540,743
543,749
546,755
549,761
552,767
558,770
561,773
564,809
567,812
570,815
573,824
633,848
636,854
639,857
642,863
645,866
648,869
651,911
654,920
657,926
660,929
663,941
666,944
579,950
582,953
585,956
588,959
591,962
690,965
693,160
696,163
786,166
789,169
792,172
492,178
495,181
498,187
501,190
504,199
507,205
744,214
747,217
291,229
294,253
297,262
300,268
303,271
306,274
,277
,286
,289
,292
,301
,304
,310
,316
,334
,337
,355
,379
,391
,394
,400
,406
,412
,415
,418
,421
,424
,427
,433
,439
,442
,448
,454
,457
,460
,463
,466
,478
,484
,493
,496
,499
,502
,505
,508
,517
,520
,523
,529
,532
,538
,541
,544
,547
,550
,553
,556
,559
,565
,574
,586
,589
,592
,595
,598
,604
,607
,610
,616
,619
,622
,631
,637
,649
,652
,655
,664
,667
,670
,673
,676
,679
,682
,685
,706
,709
,712
,715
,718
,742
,748
,754
,760
,766
,769
,772
,808
,811
,814
,823
,847
,853
,856
,862
,865
,868
,910
,919
,925
,928
,940
,943
,949
,952
,955
,958
,961
,964
,159
,162
,165
,168
,171
,177
,180
,186
,189
,198
,204
,213
,216
,228
,252
,261
,267
,270
,273
,276
,285
,288
,291
,300
,303
,309
,315
,333
,336
,354
,378
,390
,393
,399
,405
,411
,414
,417
,420
,423
,426
,432
,438
,441
,447
,453
,456
,459
,462
,465
,477
,483
,492
,495
,498
,501
,504
,507
,516
,519
,522
,528
,531
,537
,540
,543
,546
,549
,552
,555
,558
,564
,573
,585
,588
,591
,594
,597
,603
,606
,609
,615
,618
,621
,630
,636
,648
,651
,654
,663
,666
,669
,672
,675
,678
,681
,684
,705
,708
,711
,714
,717
,741
,747
,753
,759
,765
,768
,771
,807
,810
,813
,822
,846
,852
,855
,861
,864
,867
,909
,918
,924
,927
,939
,942
,948
,951
,954
,957
,960
,963