hhsubid_pos,mean_s,mean_lower_95,mean_upper_95,minus_sd_s,minus_sd_lower_95,minus_sd_upper_95,plus_sd_s,plus_sd_lower_95,plus_sd_upper_95,mean_pos_selection,minus_sd_pos_selection,plus_sd_pos_selection
1802101-PB1-495,-0.0586474677708,-0.258445,0.111632,-0.065223908214,-0.244369,0.124205,-0.068503491756127,-0.244369,0.124205,FALSE,FALSE,FALSE
1802101-PB2-246,-0.143773135522,-0.495205,0.207338,-0.110484714288,-0.490096,0.225613,-0.153950298076,-0.490096,0.225613,FALSE,FALSE,FALSE
1812306-PB2-717,-0.0965332133289998,-0.198268,0.0177778,-0.092742037619,-0.215138,0.0179268,-0.097966807464,-0.215138,0.0179268,FALSE,FALSE,FALSE
1701802-PB2-1749,-0.023630936637,-0.380345,0.332282,-0.003163646003,-0.356374,0.380105,-0.039676407231,-0.356374,0.380105,FALSE,FALSE,FALSE
1701802-PB2-1753,-0.040415051033,-0.355981,0.37077,-0.0133293249013,-0.358801,0.383576,-0.034220741007,-0.358801,0.383576,FALSE,FALSE,FALSE
1701802-PB2-511,-0.064041911895,-0.414944,0.267509,-0.035555216906,-0.395673,0.329272,-0.07052145697,-0.395673,0.329272,FALSE,FALSE,FALSE
1708301-HA-1607,0.23188072202,0.00142856,0.498783,0.207730483508,-0.0384174,0.491828,0.244563635884,-0.0384174,0.491828,TRUE,FALSE,FALSE
1708301-PB2-2214,-0.046892545292,-0.398388,0.290729,-0.030840710623,-0.376481,0.387417,-0.0433279478902,-0.376481,0.387417,FALSE,FALSE,FALSE
1708301-PB2-246,-0.04485905856,-0.371598,0.35929,-0.044771151284,-0.413883,0.345673,-0.056561511606,-0.413883,0.345673,FALSE,FALSE,FALSE
1802006-M-547,-0.168325907177,-0.408573,0.0537888,-0.1598397724183,-0.414842,0.0836098,-0.170220666453,-0.414842,0.0836098,FALSE,FALSE,FALSE
1804101-HA-1436,0.336235834,0.168535,0.498331,0.319940970346,0.130508,0.499142,0.3372944717,0.130508,0.499142,TRUE,TRUE,TRUE
1806102-NS-30,0.01310927028,-0.274086,0.302252,0.0179647486497,-0.271345,0.323756,0.00840057539590001,-0.271345,0.323756,FALSE,FALSE,FALSE
1807501-NP-377,0.0272116693202,-0.348973,0.374656,-0.107462102576,-0.446498,0.289031,-0.0883244608480001,-0.446498,0.289031,FALSE,FALSE,FALSE
1809701-NP-377,0.015412442788,-0.302352,0.407655,-0.075598882804,-0.427185,0.315091,-0.0603493216272,-0.427185,0.315091,FALSE,FALSE,FALSE
1809701-PB2-242,-0.158960420547,-0.499526,0.250693,-0.062175230424,-0.40662,0.349813,-0.068052371926,-0.40662,0.349813,FALSE,FALSE,FALSE
1809701-PB2-246,-0.01250284864,-0.418994,0.379904,-0.04220853388369,-0.409827,0.349409,-0.035800070362,-0.409827,0.349409,FALSE,FALSE,FALSE
1810701-PB1-1776,0.168339942196,-0.0570143,0.45652,0.163116990105,-0.105918,0.449031,0.178785793108,-0.105918,0.449031,FALSE,FALSE,FALSE
1811602-PA-1975,0.01392239513025,-0.118085,0.168397,0.0209653607696,-0.147886,0.17995,0.015611724882,-0.147886,0.17995,FALSE,FALSE,FALSE
1808203-PB2-135,0.00503474135,-0.208862,0.234804,-0.00391037201100001,-0.219268,0.254985,-0.004272120927,-0.219268,0.254985,FALSE,FALSE,FALSE
1807502-NP-892,-0.0236185539016,-0.138813,0.0965878,-0.02368393493187,-0.178754,0.106779,-0.0248610403828,-0.178754,0.106779,FALSE,FALSE,FALSE
1701101-NS-849,-0.20239429306,-0.457986,0.107603,-0.171973541841,-0.499973,0.184663,-0.258658444754,-0.499973,0.184663,FALSE,FALSE,FALSE
1802103-M-607,-0.0302177357244,-0.184488,0.167542,-0.0282288495604,-0.240762,0.1332,-0.0384043000451,-0.240762,0.1332,FALSE,FALSE,FALSE
1802103-PB2-2037,0.04252641253,-0.118371,0.1866,0.0477496962787,-0.126431,0.226984,0.041419791235,-0.126431,0.226984,FALSE,FALSE,FALSE
1802103-NP-1084,0.1952989864,0.119272,0.284479,0.1961481423,0.0994426,0.291576,0.1958927903,0.0994426,0.291576,TRUE,TRUE,TRUE
1802103-PA-144,-0.068654079484,-0.490576,0.312239,-0.003129969426,-0.352261,0.409622,-0.012156044712,-0.352261,0.409622,FALSE,FALSE,FALSE
1802103-PA-155,-0.051388983319,-0.453981,0.336063,0.005536988389,-0.372537,0.370012,-0.00794252806899999,-0.372537,0.370012,FALSE,FALSE,FALSE
1802103-PA-160,-0.019813336809,-0.373957,0.410597,0.005989538884,-0.373114,0.430521,0.002884299044,-0.373114,0.430521,FALSE,FALSE,FALSE
1802103-PA-208,-0.0991325096801999,-0.443494,0.211169,-0.0834513054084999,-0.373034,0.26022,-0.1105880780259,-0.373034,0.26022,FALSE,FALSE,FALSE
1808203-HA-620,0.443301863,0.353033,0.499918,0.442088456000001,0.341638,0.499941,0.448948933,0.341638,0.499941,TRUE,TRUE,TRUE
1808203-NS-765,-0.1161115188647,-0.37461,0.152738,-0.107043472851,-0.384829,0.19047,-0.119879069658,-0.384829,0.19047,FALSE,FALSE,FALSE
1808203-PB2-246,-0.093002876687,-0.499656,0.305481,-0.066444253726,-0.489119,0.328336,-0.0769341989758,-0.489119,0.328336,FALSE,FALSE,FALSE
1808203-PB1-438,-0.010126026905,-0.293307,0.262345,0.0111518294231,-0.29176,0.294278,0.0010846796848,-0.29176,0.294278,FALSE,FALSE,FALSE
1802103-PB2-242,0.013438470543,-0.21472,0.207967,0.005120426137,-0.212838,0.209278,0.005437726159,-0.212838,0.209278,FALSE,FALSE,FALSE
1802103-PB2-246,0.007180790724,-0.205656,0.208526,0.006867701371,-0.234243,0.237211,-0.0034426384276,-0.234243,0.237211,FALSE,FALSE,FALSE
1812306-HA-1505,-0.0635121737991,-0.343628,0.293595,-0.065768129753,-0.394966,0.279437,-0.0820036281059999,-0.394966,0.279437,FALSE,FALSE,FALSE
1812306-HA-312,-0.090311817658,-0.413689,0.26291,-0.078078127511,-0.415044,0.286298,-0.100627619979,-0.415044,0.286298,FALSE,FALSE,FALSE
1812306-HA-356,-0.0868817655525,-0.431441,0.256506,-0.0706575169000001,-0.405202,0.317496,-0.09942581063,-0.405202,0.317496,FALSE,FALSE,FALSE
1812306-NP-1033,-0.1176807181323,-0.411309,0.171578,-0.0961798154915,-0.410991,0.242459,-0.119204932728,-0.410991,0.242459,FALSE,FALSE,FALSE
1812306-NP-1255,-0.103098803245,-0.413879,0.183975,-0.0877301536520001,-0.434108,0.249694,-0.1015890389836,-0.434108,0.249694,FALSE,FALSE,FALSE
1701101-PA-1503,0.19405263972,-0.115667,0.499331,0.17667380758,-0.161458,0.49684,0.204680488819,-0.161458,0.49684,FALSE,FALSE,FALSE
1701101-PA-1957,-0.1101105218762,-0.499196,0.372691,-0.11050573174,-0.495595,0.363365,-0.16951755667,-0.495595,0.363365,FALSE,FALSE,FALSE
1702001-NP-939,-0.16452035784,-0.287595,-0.0289575,-0.163103976878,-0.309498,-0.0210701,-0.166792017633,-0.309498,-0.0210701,FALSE,FALSE,FALSE
1702001-NP-957,0.236569205489,-0.0342562,0.499878,0.2255255546531,-0.0817889,0.498864,0.2516276880865,-0.0817889,0.498864,FALSE,FALSE,FALSE
1702001-NS-326,-0.10342540104,-0.489628,0.270755,-0.0738880581910001,-0.474504,0.311967,-0.108931562539,-0.474504,0.311967,FALSE,FALSE,FALSE
1708301-NS-537,-0.00943425945,-0.492482,0.388348,-0.11920359427919,-0.499807,0.3257,-0.109433165764,-0.499807,0.3257,FALSE,FALSE,FALSE
1708301-NS-642,-0.00625876395369999,-0.394816,0.482585,-0.1184842315,-0.498868,0.337169,-0.101087139373,-0.498868,0.337169,FALSE,FALSE,FALSE
1708301-NS-690,-0.16790747735931,-0.499812,0.297171,-0.115502760766,-0.479991,0.358359,-0.089417153348,-0.479991,0.358359,FALSE,FALSE,FALSE
1709401-HA-551,0.033038564709,-0.128739,0.178352,0.03447667463,-0.1312,0.214233,0.0279040065219,-0.1312,0.214233,FALSE,FALSE,FALSE
1709401-M-68,-0.116855319126,-0.499563,0.366371,-0.0778741414990001,-0.497375,0.382664,-0.068665120338,-0.497375,0.382664,FALSE,FALSE,FALSE
1800601-NA_-1147,0.046237408313,-0.391671,0.476698,-0.00292840049,-0.497654,0.418461,0.0706910496572999,-0.497654,0.418461,FALSE,FALSE,FALSE
1800601-PA-1366,-0.45955264,-0.49986,-0.389889,-0.450271157,-0.499939,-0.373073,-0.464403168,-0.499939,-0.373073,FALSE,FALSE,FALSE
1800601-PA-547,-0.458335601,-0.499992,-0.386443,-0.450307379,-0.499917,-0.371802,-0.462995522,-0.499917,-0.371802,FALSE,FALSE,FALSE
1801003-NA_-762,-0.118293360707,-0.49934,0.340003,-0.1853200263918,-0.499299,0.27863,-0.16050041588682,-0.499299,0.27863,FALSE,FALSE,FALSE
1801003-PB2-50,0.022590849364,-0.315173,0.351749,0.015028488458,-0.320431,0.384079,0.013629017528,-0.320431,0.384079,FALSE,FALSE,FALSE
1801202-PB1-342,0.45690404,0.378593,0.499991,0.453552908,0.373739,0.499979,0.463847553,0.373739,0.499979,TRUE,TRUE,TRUE
1801202-PB2-308,0.454896233,0.371122,0.499882,0.451808545,0.365651,0.499994,0.457804742,0.365651,0.499994,TRUE,TRUE,TRUE
1801404-NA_-285,0.232067095267,-0.0537963,0.498094,0.21939476677,-0.0954436,0.499244,0.245477509465,-0.0954436,0.499244,FALSE,FALSE,FALSE
1801502-HA-155,0.457158358,0.382746,0.499987,0.453862281,0.371605,0.499961,0.460090771,0.371605,0.499961,TRUE,TRUE,TRUE
1801502-NP-139,0.3928155655,0.20844,0.499802,0.3688222086,0.137801,0.49888,0.40013034149,0.137801,0.49888,TRUE,TRUE,TRUE
1801502-NS-257,0.451539531,0.369671,0.499976,0.449460438,0.358443,0.499638,0.456802079,0.358443,0.499638,TRUE,TRUE,TRUE
1801502-PB2-1572,0.418480962999999,0.277044,0.499981,0.41073851,0.248548,0.499985,0.420914289,0.248548,0.499985,TRUE,TRUE,TRUE
1802103-M-802,-0.0942369984526002,-0.493948,0.340317,-0.0266144952989,-0.462061,0.431502,-0.0258036139369,-0.462061,0.431502,FALSE,FALSE,FALSE
1802103-PA-1987,0.091774166962,-0.235096,0.424941,0.0876301945390001,-0.267915,0.447658,0.090460081482,-0.267915,0.447658,FALSE,FALSE,FALSE
1802301-NP-1196,0.36008237122,0.153503,0.499711,0.33480535837,0.0824612,0.499868,0.3700392693,0.0824612,0.499868,TRUE,TRUE,TRUE
1802301-NP-347,-0.152273319503,-0.499922,0.32925,-0.037945471481,-0.465148,0.383894,-0.0608654861448,-0.465148,0.383894,FALSE,FALSE,FALSE
1802301-NP-377,0.00924337804900001,-0.364366,0.453662,-0.1021453041979,-0.493401,0.349459,-0.058338912027,-0.493401,0.349459,FALSE,FALSE,FALSE
1802301-PB2-1954,0.421483408999999,0.318763,0.499937,0.413738297,0.295677,0.499879,0.429031515999999,0.295677,0.499879,TRUE,TRUE,TRUE
1802301-PB2-212,0.1253874524517,-0.149768,0.377675,0.126402948887,-0.140539,0.431835,0.118595464789,-0.140539,0.431835,FALSE,FALSE,FALSE
1802301-PB2-242,0.029319856491,-0.382307,0.442298,0.024724164986,-0.378125,0.482888,0.0340056023765,-0.378125,0.482888,FALSE,FALSE,FALSE
1802301-PB2-246,0.037721037798,-0.323537,0.483627,0.018834651466,-0.3879,0.482943,0.03316821111,-0.3879,0.482943,FALSE,FALSE,FALSE
1803401-HA-146,0.107329774282,-0.276297,0.49883,-0.072005933177,-0.48391,0.364217,0.01886278777029,-0.48391,0.364217,FALSE,FALSE,FALSE
1803401-M-977,0.243019722238,-0.0143677,0.4952,0.2286322381968,-0.0312031,0.496635,0.248229090321,-0.0312031,0.496635,FALSE,FALSE,FALSE
1803401-NA_-83,-0.1294297490004,-0.499938,0.239351,-0.107577562072,-0.497775,0.295776,-0.146565496019,-0.497775,0.295776,FALSE,FALSE,FALSE
1803401-NS-178,0.117336386602,-0.207281,0.494504,0.121635106248,-0.230332,0.49876,0.125860725961,-0.230332,0.49876,FALSE,FALSE,FALSE
1803401-PB2-2028,-0.167676626468,-0.499366,0.31053,-0.0862261747920001,-0.488493,0.370674,-0.064464451385,-0.488493,0.370674,FALSE,FALSE,FALSE
1803401-PB2-406,-0.044272719185,-0.497562,0.387796,-0.10216830051,-0.496102,0.346344,-0.09140954128,-0.496102,0.346344,FALSE,FALSE,FALSE
1803401-PB2-499,-0.09337939646,-0.435636,0.222907,-0.0851810711298,-0.436656,0.278283,-0.091998627354,-0.436656,0.278283,FALSE,FALSE,FALSE
1803801-HA-665,0.110374030125,-0.00832867,0.238482,0.1162305774463,-0.0119529,0.285083,0.110987725899,-0.0119529,0.285083,FALSE,FALSE,FALSE
1803801-PB2-242,0.014060812158,-0.367963,0.472744,-0.0206377971973,-0.439388,0.437838,-0.011067691814,-0.439388,0.437838,FALSE,FALSE,FALSE
1803801-PB2-246,-0.0077339025302,-0.441117,0.423769,-0.0315818148549999,-0.438841,0.440315,-0.0197597048761,-0.438841,0.440315,FALSE,FALSE,FALSE
1803801-PB2-905,-0.1068824645412,-0.283715,0.10609,-0.098182338165,-0.290056,0.127332,-0.095966046122,-0.290056,0.127332,FALSE,FALSE,FALSE
1804101-NA_-813,-0.2641942842,-0.450089,-0.0875908,-0.25376970016,-0.439247,-0.0664747,-0.26134591688,-0.439247,-0.0664747,FALSE,FALSE,FALSE
1804101-NP-347,-0.34594001266,-0.498945,-0.152489,-0.3168230101,-0.499859,-0.0787211,-0.35113667422,-0.499859,-0.0787211,FALSE,FALSE,FALSE
1804101-PA-1398,-0.12238058806,-0.309026,0.109925,-0.117382938099,-0.328462,0.116199,-0.121417053867,-0.328462,0.116199,FALSE,FALSE,FALSE
1804101-PA-948,-0.038411536686,-0.331683,0.270585,-0.0221183045683,-0.35273,0.313562,-0.04363373488,-0.35273,0.313562,FALSE,FALSE,FALSE
1804902-HA-459,-0.391089853,-0.499824,-0.273622,-0.3832702514,-0.499844,-0.264795,-0.39464049,-0.499844,-0.264795,FALSE,FALSE,FALSE
1804902-M-576,0.438795426,0.341275,0.499997,0.430009635,0.318618,0.499976,0.446464219,0.318618,0.499976,TRUE,TRUE,TRUE
1804902-NS-456,0.455076071000001,0.37943,0.499963,0.452337539000001,0.369007,0.49993,0.459054952,0.369007,0.49993,TRUE,TRUE,TRUE
1806102-NA_-51,-0.219121354741,-0.499691,0.0675814,-0.191793851083,-0.499844,0.160666,-0.227092626254,-0.499844,0.160666,FALSE,FALSE,FALSE
1807201-NA_-228,-0.16773184812,-0.267151,-0.0397115,-0.167084659776,-0.292714,-0.0405977,-0.1696116506,-0.292714,-0.0405977,FALSE,FALSE,FALSE
1807201-PA-1410,0.454691381,0.372991,0.49996,0.448831273,0.361672,0.499995,0.457956135000001,0.361672,0.499995,TRUE,TRUE,TRUE
1807501-NP-1000,-0.0850643063719999,-0.318668,0.175327,-0.0774339615089999,-0.348721,0.200166,-0.08246392556,-0.348721,0.200166,FALSE,FALSE,FALSE
1809701-HA-225,-0.091271056388,-0.49863,0.381679,-0.108777135235,-0.498303,0.390947,-0.0993448526137999,-0.498303,0.390947,FALSE,FALSE,FALSE
1810102-HA-447,0.0734724956179999,-0.296371,0.494726,-0.122361275316,-0.499597,0.366786,0.10767194823,-0.499597,0.366786,FALSE,FALSE,FALSE
1810102-NA_-1276,-0.0941546194951399,-0.387463,0.253938,-0.0887693736489999,-0.388267,0.322209,-0.1029568437007,-0.388267,0.322209,FALSE,FALSE,FALSE
1810102-NA_-219,0.1433473183675,-0.197822,0.493835,-0.02516906175853,-0.476876,0.415063,0.0978912302052001,-0.476876,0.415063,FALSE,FALSE,FALSE
1810102-PA-1119,0.030635287321,-0.331854,0.438543,0.0289997252724,-0.338819,0.493113,0.037603160482,-0.338819,0.493113,FALSE,FALSE,FALSE
1810701-NP-520,0.242997515703,-0.057206,0.499893,0.1070988654,-0.299837,0.499074,0.19589704100574,-0.299837,0.499074,FALSE,FALSE,FALSE
1810701-PA-1073,0.231072211954,0.0176433,0.481834,0.230858936647,-0.00589656,0.471677,0.227506985319,-0.00589656,0.471677,TRUE,FALSE,FALSE
1810701-PA-2013,0.2027087851559,-0.0876301,0.497969,0.182977055871,-0.163707,0.495983,0.2180464599738,-0.163707,0.495983,FALSE,FALSE,FALSE
1810701-PA-241,-0.0355261359416,-0.244148,0.17878,-0.028205797332,-0.247877,0.202653,-0.0354899037899999,-0.247877,0.202653,FALSE,FALSE,FALSE
1810701-PB2-442,0.3542640758,0.174123,0.499941,0.33840446879,0.1295,0.499922,0.3486498573,0.1295,0.499922,TRUE,TRUE,TRUE
1811602-PB2-1164,0.413119196300001,0.271335,0.499999,0.4093043161,0.250147,0.499983,0.4193123172,0.250147,0.499983,TRUE,TRUE,TRUE
1812305-NA_-1208,0.0775431480207999,-0.0653366,0.237889,0.076018315705,-0.0955728,0.244281,0.0758173584670001,-0.0955728,0.244281,FALSE,FALSE,FALSE
1812305-NP-1105,0.0737315697041999,-0.294874,0.480373,-0.14366354858,-0.499433,0.340035,-0.11527036714,-0.499433,0.340035,FALSE,FALSE,FALSE
1812305-PB2-102,-0.1365492313801,-0.359127,0.0994963,-0.130316371436,-0.364096,0.117602,-0.143063342494,-0.364096,0.117602,FALSE,FALSE,FALSE
1812306-M-504,-0.144721263741,-0.49993,0.324168,-0.168497382044,-0.499132,0.323381,-0.19543264235,-0.499132,0.323381,FALSE,FALSE,FALSE
1802103-HA-686,-0.449090495999999,-0.499883,-0.366926,-0.438639378999999,-0.499967,-0.342515,-0.455054031,-0.499967,-0.342515,FALSE,FALSE,FALSE
1812306-NA_-487,-0.0863835755062999,-0.331318,0.14505,-0.073558644101,-0.345242,0.178313,-0.100490605678,-0.345242,0.178313,FALSE,FALSE,FALSE
1812306-PA-1503,0.155418596279,-0.0765915,0.432356,0.113090399853,-0.148478,0.429815,0.151778066883,-0.148478,0.429815,FALSE,FALSE,FALSE
1701202-HA-376,0.043847604116,-0.302748,0.390413,-0.0895455444880002,-0.440176,0.342143,-0.0483658843530001,-0.440176,0.342143,FALSE,FALSE,FALSE
1701202-PB1-619,-0.0089983475484,-0.263465,0.304635,0.00165195216,-0.333876,0.343026,-0.006877811187,-0.333876,0.343026,FALSE,FALSE,FALSE
1701202-PB2-795,-0.17593296218,-0.297035,-0.0575076,-0.17964173165,-0.310496,-0.0520483,-0.18552426849,-0.310496,-0.0520483,FALSE,FALSE,FALSE
1808203-PA-2017,-0.014400727009,-0.435867,0.340963,0.00867688228599999,-0.358471,0.405608,0.00737898184399999,-0.358471,0.405608,FALSE,FALSE,FALSE
1701101-NS-584,-0.07636745124,-0.440451,0.25121,-0.022549174184,-0.308799,0.355316,-0.0429113765,-0.308799,0.355316,FALSE,FALSE,FALSE
1802103-PB2-249,-0.1434957564321,-0.417501,0.160424,-0.1344621564915,-0.473847,0.169265,-0.145718325868,-0.473847,0.169265,FALSE,FALSE,FALSE
1802101-M-685,0.021545377571,-0.281698,0.305233,-0.1697108650587,-0.437863,0.112076,-0.1955143119835,-0.437863,0.112076,FALSE,FALSE,FALSE
1802101-NS-447,-0.234766735839,-0.497294,0.0868936,-0.317638981977,-0.498143,0.0028359,-0.275100625792,-0.498143,0.0028359,FALSE,FALSE,FALSE
1802101-PB2-2064,0.0530611945637999,-0.229366,0.313831,0.0484235504502001,-0.24068,0.344889,0.0582411888989,-0.24068,0.344889,FALSE,FALSE,FALSE
1802302-M-997,-0.264733986623,-0.49824,0.0214376,-0.1154806354821,-0.499828,0.236696,-0.246833992218,-0.499828,0.236696,FALSE,FALSE,FALSE
1802302-PB2-1490,0.0534532631610001,-0.225205,0.326631,0.053187140603,-0.260905,0.33928,0.0517211280178,-0.260905,0.33928,FALSE,FALSE,FALSE
1812306-M-997,-0.228647160703,-0.497191,0.127383,-0.0643000053299999,-0.332714,0.251578,-0.07346673861,-0.332714,0.251578,FALSE,FALSE,FALSE
1812306-NP-271,0.0511458784937,-0.218484,0.366426,-0.0730498046275,-0.339675,0.242066,-0.025401752464,-0.339675,0.242066,FALSE,FALSE,FALSE
1812306-NP-377,-0.0831925627624,-0.359894,0.156391,-0.0599897028763,-0.273677,0.147651,-0.0596600152463,-0.273677,0.147651,FALSE,FALSE,FALSE
1808203-NA_-1303,-0.1854979122589,-0.469163,0.13971,-0.0444717039786,-0.349724,0.256726,-0.0563907796750001,-0.349724,0.256726,FALSE,FALSE,FALSE
1808203-NP-1021,-0.231607056288,-0.498919,0.112604,-0.261619193093,-0.499697,0.0863191,-0.21361239122244,-0.499697,0.0863191,FALSE,FALSE,FALSE
1808203-NP-371,-0.21826175826,-0.499308,0.126593,-0.26775511885,-0.499709,0.0846602,-0.224204910929,-0.499709,0.0846602,FALSE,FALSE,FALSE
1701202-HA-229,-0.226940932741,-0.498813,0.0568524,-0.193047504222,-0.499754,0.0893592,-0.227182627833,-0.499754,0.0893592,FALSE,FALSE,FALSE
1701802-HA-718,-0.13802818733,-0.496162,0.150577,-0.1298977458341,-0.493198,0.22145,-0.1309094173985,-0.493198,0.22145,FALSE,FALSE,FALSE
1701802-NA_-607,0.0996692035039999,-0.23361,0.471193,0.086714599126,-0.257775,0.496915,0.0975958309009999,-0.257775,0.496915,FALSE,FALSE,FALSE
1701802-NA_-770,-0.052569869241,-0.411976,0.302848,-0.0540329138789999,-0.458076,0.316051,-0.0579496778880001,-0.458076,0.316051,FALSE,FALSE,FALSE
1701802-NP-297,-0.23155979153,-0.496273,0.00535555,-0.214723553214,-0.495953,0.0654128,-0.2308870013877,-0.495953,0.0654128,FALSE,FALSE,FALSE
1701802-NP-924,-0.187090363787,-0.499904,0.335204,-0.2107054582799,-0.499018,0.269412,-0.1816260079091,-0.499018,0.269412,FALSE,FALSE,FALSE
1701802-NS-684,-0.0855999771529999,-0.497379,0.381559,-0.056585410306,-0.471781,0.406336,-0.0699956314712,-0.471781,0.406336,FALSE,FALSE,FALSE
1701802-PA-1839,0.189782521489,-0.11564,0.497449,0.183343993309,-0.158915,0.489928,0.19408290333,-0.158915,0.489928,FALSE,FALSE,FALSE
1701802-PB1-306,-0.10140503093,-0.495002,0.396787,-0.120630492987,-0.491925,0.339913,-0.14580523874,-0.491925,0.339913,FALSE,FALSE,FALSE
1701802-PB2-951,-0.0807132196190001,-0.428622,0.25245,-0.065839386807,-0.449962,0.305117,-0.0845605676589999,-0.449962,0.305117,FALSE,FALSE,FALSE
1708301-NP-1092,0.454589775000001,0.377314,0.499993,0.453062213999999,0.369665,0.499968,0.457099953,0.369665,0.499968,TRUE,TRUE,TRUE
1708301-NS-817,-0.12518937646,-0.499254,0.365295,-0.0945735709894,-0.498774,0.348302,-0.0814199272830001,-0.498774,0.348302,FALSE,FALSE,FALSE
1708301-NS-841,-0.08374143853,-0.49974,0.374574,-0.0746097136818,-0.481255,0.392639,-0.0766472315110001,-0.481255,0.392639,FALSE,FALSE,FALSE
1708301-NS-849,0.0016597979811,-0.437081,0.440113,-0.0677585871978,-0.496705,0.393092,-0.056230626333,-0.496705,0.393092,FALSE,FALSE,FALSE
1708301-PA-1962,-0.0670016261293,-0.382412,0.295484,-0.0785698091592,-0.40939,0.284492,-0.0794289803498999,-0.40939,0.284492,FALSE,FALSE,FALSE
1708301-PB1-2245,-0.076929979939,-0.422767,0.262929,-0.064942152912,-0.432314,0.297682,-0.0776259251261001,-0.432314,0.297682,FALSE,FALSE,FALSE
1708301-PB2-801,0.0773680456713199,-0.195402,0.358634,0.08059654222,-0.216442,0.418773,0.07736052941,-0.216442,0.418773,FALSE,FALSE,FALSE
1801002-NS-840,-0.24887915488,-0.468995,-0.0349199,-0.243916421457,-0.482797,-0.00322648,-0.25346145488,-0.482797,-0.00322648,FALSE,FALSE,FALSE
1801002-PA-1754,0.0676923764189999,-0.298471,0.487055,0.0748578771070001,-0.353975,0.478668,0.071272252871,-0.353975,0.478668,FALSE,FALSE,FALSE
1802302-HA-1085,-0.2471539677016,-0.498562,0.00719078,-0.233590362912,-0.495645,0.0408969,-0.2536091852961,-0.495645,0.0408969,FALSE,FALSE,FALSE
1802302-HA-686,-0.2553822964936,-0.499419,0.0204222,-0.233236317479,-0.499757,0.0684682,-0.257488225914,-0.499757,0.0684682,FALSE,FALSE,FALSE
1802302-NP-607,-0.213858618276,-0.498866,0.123586,-0.201503005735,-0.498419,0.149326,-0.2378007993209,-0.498419,0.149326,FALSE,FALSE,FALSE
1802302-NS-129,0.1641268479106,-0.110562,0.447288,0.16024179248,-0.150373,0.429513,0.1588379178865,-0.150373,0.429513,FALSE,FALSE,FALSE
1802302-PA-2017,0.421165459,0.277808,0.499897,0.4098806025,0.26018,0.49993,0.4299019389,0.26018,0.49993,TRUE,TRUE,TRUE
1804101-PA-1801,0.011135158017,-0.188458,0.238676,0.0183394246245,-0.23804,0.280738,0.01460066581,-0.23804,0.280738,FALSE,FALSE,FALSE
1804101-PA-1803,0.027819547454,-0.19308,0.249937,0.02695065225309,-0.226484,0.281711,0.022644692208,-0.226484,0.281711,FALSE,FALSE,FALSE
1804101-PB2-1933,0.203396558774,-0.0626248,0.47227,0.192524870861,-0.0682993,0.498924,0.214011375334,-0.0682993,0.498924,FALSE,FALSE,FALSE
1804101-PB2-2180,-0.049024670989,-0.451612,0.32171,-0.032402932707,-0.441804,0.380109,-0.062238185027,-0.441804,0.380109,FALSE,FALSE,FALSE
1806001-M-781,-0.0734351778630001,-0.430616,0.271188,-0.0580359889309,-0.492971,0.286003,-0.0871625038767,-0.492971,0.286003,FALSE,FALSE,FALSE
1806001-PB2-1092,0.073787541172,-0.188762,0.311779,0.0810163976860017,-0.164276,0.397596,0.073342733355,-0.164276,0.397596,FALSE,FALSE,FALSE
1807501-HA-125,-0.195078908277,-0.499968,0.137115,-0.17889680447,-0.497676,0.197996,-0.214385209737,-0.497676,0.197996,FALSE,FALSE,FALSE
1807501-HA-1532,-0.151659632523,-0.498843,0.214369,-0.125489206417,-0.494033,0.28759,-0.167531149697,-0.494033,0.28759,FALSE,FALSE,FALSE
1807501-HA-1565,-0.133574154247,-0.496423,0.261927,-0.1049555743462,-0.489221,0.31368,-0.127382779424,-0.489221,0.31368,FALSE,FALSE,FALSE
1807501-HA-311,-0.161556536842,-0.499573,0.231732,-0.15005078359,-0.495227,0.246735,-0.18873405525,-0.495227,0.246735,FALSE,FALSE,FALSE
1807501-HA-75,-0.244432753633,-0.499963,0.0656176,-0.234504073239,-0.497429,0.078589,-0.2561413097763,-0.497429,0.078589,FALSE,FALSE,FALSE
1807501-HA-926,-0.0880224233860001,-0.497285,0.321683,-0.0639133358182001,-0.499979,0.363477,-0.1033645772297,-0.499979,0.363477,FALSE,FALSE,FALSE
1807501-NP-1093,-0.01886538613383,-0.40761,0.406396,-0.0182238277798,-0.42272,0.413689,-0.024138881652,-0.42272,0.413689,FALSE,FALSE,FALSE
1807501-NP-553,-0.3445813999,-0.499435,-0.185943,-0.3405370813,-0.496262,-0.177942,-0.346387425,-0.496262,-0.177942,FALSE,FALSE,FALSE
1810102-PB2-447,-0.0039076545834,-0.385187,0.398067,-0.02707287151708,-0.464002,0.397756,-0.022455036986,-0.464002,0.397756,FALSE,FALSE,FALSE
1811602-HA-428,0.1256372518994,-0.058281,0.287694,0.1249490456021,-0.087969,0.306044,0.1223359096311,-0.087969,0.306044,FALSE,FALSE,FALSE
1808203-PA-1940,-0.031128129136,-0.259241,0.190564,-0.024303190216,-0.291812,0.199134,-0.0321935909167,-0.291812,0.199134,FALSE,FALSE,FALSE
1808203-NP-428,0.11461943177,-0.0503872,0.292861,0.1140567067693,-0.0792476,0.312198,0.114121011744,-0.0792476,0.312198,FALSE,FALSE,FALSE
1802101-HA-564,-0.356258396,-0.452698,-0.271853,-0.358980002999999,-0.468275,-0.243674,-0.352215758000001,-0.468275,-0.243674,FALSE,FALSE,FALSE
1802101-PA-1809,-0.4011617976,-0.499941,-0.268856,-0.373522395509999,-0.499969,-0.199589,-0.413544206,-0.499969,-0.199589,FALSE,FALSE,FALSE
1701202-M-653,-0.036082450793,-0.393649,0.336579,-0.021037989523,-0.355299,0.402333,-0.046148494474,-0.355299,0.402333,FALSE,FALSE,FALSE
1802101-NP-342,-0.0325712421,-0.37474,0.321888,-0.0564655569909999,-0.429616,0.344876,-0.074997573435,-0.429616,0.344876,FALSE,FALSE,FALSE
1701202-PB2-1749,-0.0454878095413,-0.348526,0.327275,-0.0836951850236999,-0.418036,0.316303,-0.0671091061653,-0.418036,0.316303,FALSE,FALSE,FALSE
1701202-PB2-1753,-0.0701608061449999,-0.358744,0.30532,-0.067421214883,-0.408237,0.297945,-0.0839157599194999,-0.408237,0.297945,FALSE,FALSE,FALSE
1701202-PB2-1756,-0.030641562368,-0.421758,0.409813,-0.034259597965,-0.435147,0.390437,-0.063196594876,-0.435147,0.390437,FALSE,FALSE,FALSE
1802101-M-997,-0.223643309748,-0.435779,0.0637068,-0.0459334535200001,-0.278232,0.210995,-0.0638744995,-0.278232,0.210995,FALSE,FALSE,FALSE
1806001-M-625,0.16704899857,0.0801035,0.26007,0.15957376933,0.0682274,0.257998,0.1692333778,0.0682274,0.257998,TRUE,TRUE,TRUE
1701101-M-70,-0.241091965278,-0.485372,0.039313,-0.27812149511,-0.498212,0.00237551,-0.249749555208,-0.498212,0.00237551,FALSE,FALSE,FALSE
1701101-NS-558,-0.0854607736330001,-0.424822,0.206661,-0.1456644934719,-0.454064,0.139336,-0.0665465458179998,-0.454064,0.139336,FALSE,FALSE,FALSE
1701101-NS-592,-0.113033737676,-0.442047,0.149149,-0.163939677404,-0.452663,0.155606,-0.102933493866,-0.452663,0.155606,FALSE,FALSE,FALSE
1701101-NS-599,-0.082486680113,-0.39428,0.226345,-0.113618427006,-0.451144,0.183916,-0.0709384067149999,-0.451144,0.183916,FALSE,FALSE,FALSE
1701101-NS-612,-0.112201468659,-0.423902,0.169338,-0.171138286974,-0.46462,0.158331,-0.0917808266239999,-0.46462,0.158331,FALSE,FALSE,FALSE
1701101-NS-618,-0.102693976198,-0.411843,0.204728,-0.1604408695031,-0.467438,0.15297,-0.0821967050859999,-0.467438,0.15297,FALSE,FALSE,FALSE
1808203-PB2-399,-0.017519998565,-0.294553,0.244101,-0.020286917675,-0.246992,0.243496,-0.0293239808583,-0.246992,0.243496,FALSE,FALSE,FALSE
1701802-M-997,-0.000434916659,-0.356437,0.383916,-0.05630785761,-0.421046,0.372439,-0.0399854328610001,-0.421046,0.372439,FALSE,FALSE,FALSE
1701802-PA-181,-0.0046408758245,-0.182802,0.171812,-0.003846841259,-0.177214,0.201218,-0.000542835883999998,-0.177214,0.201218,FALSE,FALSE,FALSE
1701802-PB1-147,0.053703348266,-0.0979088,0.182247,0.0486207357821,-0.108133,0.211935,0.05350813474344,-0.108133,0.211935,FALSE,FALSE,FALSE
1701802-PB1-966,0.1292437502942,-0.157169,0.425765,0.124720280166,-0.180255,0.45136,0.12814438742,-0.180255,0.45136,FALSE,FALSE,FALSE
1702001-PA-2003,0.08922481438,-0.204085,0.411838,0.088771845268,-0.198254,0.4354,0.0879058025173998,-0.198254,0.4354,FALSE,FALSE,FALSE
1708301-NS-558,-0.027310628832,-0.393124,0.349697,-0.0362165104777,-0.421952,0.359852,-0.043061592693,-0.421952,0.359852,FALSE,FALSE,FALSE
1708301-NS-584,-0.0306136701415,-0.388701,0.351607,-0.0238107273564,-0.385246,0.346935,-0.0375688754772001,-0.385246,0.346935,FALSE,FALSE,FALSE
1708301-NS-592,0.00536661750766,-0.356806,0.37809,-0.061271529703,-0.419348,0.350748,-0.030808241328,-0.419348,0.350748,FALSE,FALSE,FALSE
1708301-NS-599,-0.024706799817899,-0.413999,0.352244,-0.036996378749,-0.404548,0.357186,-0.0377948550956,-0.404548,0.357186,FALSE,FALSE,FALSE
1708301-NS-612,-0.0162095541127,-0.361319,0.392654,-0.063066552924,-0.440193,0.343244,-0.0606433606760001,-0.440193,0.343244,FALSE,FALSE,FALSE
1708301-NS-618,0.00793298175800001,-0.392906,0.385126,-0.058181813628,-0.421741,0.378616,-0.0601280841101,-0.421741,0.378616,FALSE,FALSE,FALSE
1708301-NS-645,-0.048145699618,-0.422399,0.365885,-0.0599776189350001,-0.418798,0.371716,-0.0715738480737,-0.418798,0.371716,FALSE,FALSE,FALSE
1708301-NS-660,-0.019975194399,-0.427284,0.375778,-0.029077191231,-0.38694,0.369723,-0.0229577707667,-0.38694,0.369723,FALSE,FALSE,FALSE
1708301-NS-828,-0.039952011067,-0.387336,0.339263,-0.03018353190869,-0.390009,0.385395,-0.04262679814192,-0.390009,0.385395,FALSE,FALSE,FALSE
1801002-PA-1077,0.0930162702219998,-0.18876,0.41765,0.0827970421620001,-0.222853,0.412866,0.08223497497084,-0.222853,0.412866,FALSE,FALSE,FALSE
1802101-PA-532,0.24170299055,0.107834,0.383787,0.22730622263,-0.0514791,0.421407,0.2502064793,-0.0514791,0.421407,TRUE,FALSE,FALSE
1804101-PA-1852,-0.053610836493,-0.281994,0.187433,-0.0527068121711001,-0.297843,0.217505,-0.05521710468,-0.297843,0.217505,FALSE,FALSE,FALSE
1806102-PA-1467,0.1386927586382,-0.102785,0.390196,0.144124334031,-0.144623,0.419185,0.140854024784,-0.144623,0.419185,FALSE,FALSE,FALSE
1810102-NA_-1260,-0.170848192,-0.26863,-0.0740487,-0.1688747944,-0.278963,-0.0488217,-0.17565014012,-0.278963,-0.0488217,FALSE,FALSE,FALSE
1810102-NA_-85,-0.43620762,-0.499945,-0.324266,-0.4257479331,-0.499655,-0.285449,-0.443154946,-0.499655,-0.285449,FALSE,FALSE,FALSE
1811602-HA-774,0.46066742,0.395917,0.499839,0.451748929,0.370167,0.499903,0.463125731,0.370167,0.499903,TRUE,TRUE,TRUE
1811602-NP-1037,0.448221803,0.367306,0.499482,0.444906298,0.363469,0.499899,0.456991054,0.363469,0.499899,TRUE,TRUE,TRUE
1701101-NS-817,0.12629517494,-0.279252,0.493764,0.0860492293949999,-0.376577,0.482893,0.177076350241,-0.376577,0.482893,FALSE,FALSE,FALSE
1802101-M-604,-0.18804607436,-0.499951,0.287542,-0.182360695941,-0.499191,0.309443,-0.18722080254,-0.499191,0.309443,FALSE,FALSE,FALSE
1802101-M-706,-0.1899592828119,-0.499532,0.151684,-0.163465293616,-0.499892,0.207694,-0.19423739154,-0.499892,0.207694,FALSE,FALSE,FALSE
1802103-PA-139,-0.013938900786,-0.44434,0.390603,-0.0175702933129,-0.461045,0.42875,-0.018437846643,-0.461045,0.42875,FALSE,FALSE,FALSE
1802103-PA-145,-0.016207694457,-0.399781,0.455378,-0.041144858942,-0.454843,0.435328,-0.0205037592991,-0.454843,0.435328,FALSE,FALSE,FALSE
1802103-PA-157,-0.010123979549,-0.401652,0.418506,-0.01464332898,-0.482709,0.386994,-0.020721213661,-0.482709,0.386994,FALSE,FALSE,FALSE
1802103-PA-159,-0.014645038372,-0.385058,0.436617,-0.0133425036475,-0.403712,0.469335,-0.0056501445092,-0.403712,0.469335,FALSE,FALSE,FALSE
1802103-PA-161,-0.017788325243,-0.422583,0.417306,0.003438151242,-0.374528,0.482117,-0.012294821962,-0.374528,0.482117,FALSE,FALSE,FALSE
1802103-PA-2054,0.019986249165,-0.336786,0.39544,0.0360097493487999,-0.315224,0.459884,0.024377531769,-0.315224,0.459884,FALSE,FALSE,FALSE
1807502-HA-1002,0.01504121524,-0.380628,0.451963,-0.189746531536,-0.499897,0.298909,-0.1404115035384,-0.499897,0.298909,FALSE,FALSE,FALSE
1807502-HA-1004,-0.00664618956417,-0.166875,0.176946,-0.00609600684399999,-0.184616,0.194294,-0.00846126896044001,-0.184616,0.194294,FALSE,FALSE,FALSE
1807502-HA-151,-0.03670825366,-0.323674,0.249541,-0.042230709287,-0.37904,0.304197,-0.045142514958,-0.37904,0.304197,FALSE,FALSE,FALSE
1807502-HA-326,-0.054625003373,-0.237181,0.118446,-0.0518852269262999,-0.244394,0.168769,-0.053031079801,-0.244394,0.168769,FALSE,FALSE,FALSE
1807502-HA-634,-0.00623394903097999,-0.190589,0.205337,-0.00321940823659999,-0.245528,0.20723,-0.009103998624,-0.245528,0.20723,FALSE,FALSE,FALSE
1807502-HA-851,0.025291042679,-0.351348,0.434982,0.025978042031,-0.389158,0.44128,0.0285628168188,-0.389158,0.44128,FALSE,FALSE,FALSE
1807502-M-331,0.028686637687,-0.317203,0.3985,0.044002926114,-0.33005,0.407934,0.03264225535941,-0.33005,0.407934,FALSE,FALSE,FALSE
1807502-M-439,-0.0763069207559999,-0.333656,0.180503,-0.052633860937,-0.377682,0.232676,-0.0703893860263001,-0.377682,0.232676,FALSE,FALSE,FALSE
1807502-NA_-322,0.044060007879,-0.162276,0.260773,0.053430359837,-0.177633,0.337029,0.040286806892,-0.177633,0.337029,FALSE,FALSE,FALSE
1807502-NS-486,-0.0639307990789999,-0.442669,0.34766,-0.024061781011,-0.453885,0.391653,-0.0717777803178,-0.453885,0.391653,FALSE,FALSE,FALSE
1807502-PB1-1384,-0.05446581542,-0.383711,0.33605,-0.03054170894,-0.38344,0.412027,-0.050215155386,-0.38344,0.412027,FALSE,FALSE,FALSE
1807502-PB2-2011,-0.0500803540499999,-0.419857,0.347347,-0.051658503869,-0.479347,0.327716,-0.0650009687606,-0.479347,0.327716,FALSE,FALSE,FALSE
1807502-PB2-780,-0.0264926441233,-0.236801,0.224821,-0.0200731948503,-0.267715,0.254089,-0.02500308440653,-0.267715,0.254089,FALSE,FALSE,FALSE
1807502-PB2-846,0.011160454663,-0.412151,0.423771,-0.1842700425752,-0.497043,0.2635,-0.080521981939,-0.497043,0.2635,FALSE,FALSE,FALSE
1808203-NA_-595,-0.447789968,-0.499896,-0.37918,-0.442267581000001,-0.499904,-0.361713,-0.452139678,-0.499904,-0.361713,FALSE,FALSE,FALSE
1808203-PB2-1389,-0.39157335,-0.480115,-0.293996,-0.385537714,-0.489384,-0.27572,-0.390063603,-0.489384,-0.27572,FALSE,FALSE,FALSE
1701202-PB2-62,0.425547794,0.308912,0.499859,0.422941902,0.295139,0.499974,0.434384002,0.295139,0.499974,TRUE,TRUE,TRUE
1802103-HA-1085,-0.088015326966,-0.499045,0.365064,-0.037736918153,-0.451834,0.446493,-0.03596253663,-0.451834,0.446493,FALSE,FALSE,FALSE
1808203-NA_-919,-0.241814215703,-0.499889,0.0520496,-0.21310103981,-0.497496,0.121951,-0.252550551383,-0.497496,0.121951,FALSE,FALSE,FALSE
1808203-PB1-1551,0.382377472,0.226549,0.499718,0.3719633717,0.220769,0.499976,0.389446589,0.220769,0.499976,TRUE,TRUE,TRUE
1808203-PB1-1689,0.0611564840728,-0.301805,0.498553,0.000132822352000003,-0.384779,0.491085,0.02653831766,-0.384779,0.491085,FALSE,FALSE,FALSE
1808203-PB2-242,-0.144973529997,-0.499222,0.326885,-0.116599151705,-0.499279,0.340295,-0.10980047543,-0.499279,0.340295,FALSE,FALSE,FALSE
1701202-PB1-1824,0.0165079991522,-0.42283,0.451132,-0.208875719123,-0.499959,0.275727,-0.167357472714,-0.499959,0.275727,FALSE,FALSE,FALSE
1701202-PB2-1608,0.029131515182,-0.361058,0.478234,-0.030655765791,-0.481441,0.409507,0.018016857536,-0.481441,0.409507,FALSE,FALSE,FALSE
1800601-HA-892,0.198673538702,-0.165165,0.49952,0.121268731684,-0.285597,0.496752,0.194448367998,-0.285597,0.496752,FALSE,FALSE,FALSE
1800601-NP-451,-0.00145894850770001,-0.310076,0.279131,0.00362524101699999,-0.304916,0.352416,-0.01274962405,-0.304916,0.352416,FALSE,FALSE,FALSE
1800601-NS-273,-0.061405439773,-0.348983,0.312572,-0.05736556366,-0.402757,0.29153,-0.0677743616606,-0.402757,0.29153,FALSE,FALSE,FALSE
1802101-NP-347,-0.324903065379999,-0.499419,-0.137566,-0.30302045152,-0.499005,-0.0932631,-0.3321174184,-0.499005,-0.0932631,FALSE,FALSE,FALSE
1802101-PB2-242,-0.021295755032,-0.495181,0.371946,-0.0218831593712,-0.447064,0.417078,-0.035948070197,-0.447064,0.417078,FALSE,FALSE,FALSE
1802302-NA_-994,-0.079176297783,-0.499854,0.377763,-0.02386275745,-0.476061,0.391097,-0.021213524981,-0.476061,0.391097,FALSE,FALSE,FALSE
1802302-NP-1196,-0.02082177165,-0.376552,0.371337,-0.00827866938699999,-0.355341,0.456078,-0.0227171276162,-0.355341,0.456078,FALSE,FALSE,FALSE
1803802-NP-1423,0.133238095837,-0.0669381,0.332283,0.1361238410636,-0.0796209,0.338036,0.134834609252,-0.0796209,0.338036,FALSE,FALSE,FALSE
1803802-PA-1079,0.0988022041529999,-0.0653361,0.321691,0.10797907433,-0.0981619,0.337455,0.0991109364379398,-0.0981619,0.337455,FALSE,FALSE,FALSE
1802103-NP-377,0.0034354365404,-0.262739,0.297603,-0.0273569066347,-0.306333,0.246869,-0.0320748926691,-0.306333,0.246869,FALSE,FALSE,FALSE
1804103-HA-1063,-0.0418065640081,-0.143422,0.0823751,-0.0457423241430001,-0.166558,0.0772224,-0.0403553060077,-0.166558,0.0772224,FALSE,FALSE,FALSE
1804103-HA-946,-0.0690173789128001,-0.217841,0.0628142,-0.079680183444,-0.235376,0.0686656,-0.0729148222366,-0.235376,0.0686656,FALSE,FALSE,FALSE
1804103-NA_-916,-0.026619431264,-0.141019,0.0959971,-0.037304347057,-0.152745,0.117833,-0.018085769874,-0.152745,0.117833,FALSE,FALSE,FALSE
1804103-PA-1485,-0.104618252218,-0.227449,-0.00771736,-0.1099309442368,-0.230902,0.00334833,-0.1025042455,-0.230902,0.00334833,FALSE,FALSE,FALSE
1701202-HA-556,-0.440819836,-0.499846,-0.355065,-0.434485045,-0.499958,-0.340411,-0.448760970000001,-0.499958,-0.340411,FALSE,FALSE,FALSE
1802103-NA_-710,0.0328852824046,-0.14022,0.205111,0.030871194248,-0.178142,0.238445,0.0321729523422001,-0.178142,0.238445,FALSE,FALSE,FALSE
