hhsubid_pos,mean_s,mean_lower_95,mean_upper_95,minus_sd_s,minus_sd_lower_95,minus_sd_upper_95,plus_sd_s,plus_sd_lower_95,plus_sd_upper_95,mean_pos_selection,minus_sd_pos_selection,plus_sd_pos_selection,subtype,REGION,POS,mutation_type,initial_mutation,concat.pos
1804501-HA-1573,0.23738919274,0.023607,0.458787,0.242261825476,0.0395468,0.492128,0.23095728276,0.0395468,0.492128,TRUE,TRUE,TRUE,FluAH1N1,HA,1573,Non,HA_G1573T,8488
1804501-PA-1488,0.3091630568,0.145702,0.479982,0.3114345784,0.159948,0.499299,0.3153513211,0.159948,0.499299,TRUE,TRUE,TRUE,FluAH1N1,PA,1488,Syn,PA_A1488G,6170
1803002-NP-814,0.44765902,0.364514,0.499875,0.439449747,0.328133,0.499969,0.450364007,0.328133,0.499969,TRUE,TRUE,TRUE,FluAH1N1,NP,814,Non,NP_A814C,9506
1811502-NA_-1202,0.401818417,0.259767,0.499952,0.3807877098,0.196547,0.499912,0.408677412999999,0.196547,0.499912,TRUE,TRUE,TRUE,FluAH1N1,NA_,1202,Syn,NA__A1202T,11459
1811502-PB2-2013,0.332408422448,0.130148,0.499798,0.31880337775,0.103981,0.499912,0.3408303573,0.103981,0.499912,TRUE,TRUE,TRUE,FluAH1N1,PB2,2013,Syn,PB2_C2013A,2013
1902501-PB1-2063,0.34281668866,0.107508,0.499923,0.31180406198,0.046626,0.499646,0.35748797021,0.046626,0.499646,TRUE,TRUE,TRUE,FluAH1N1,PB1,2063,Non,PB1_G2063A,4404
1902601-HA-992,0.2961925812,0.14252,0.480467,0.2972849661,0.117959,0.482472,0.3017388101,0.117959,0.482472,TRUE,TRUE,TRUE,FluAH1N1,HA,992,Syn,HA_C992T,7907
1902601-PA-2060,0.4003830244,0.237073,0.49961,0.38661821463,0.19733,0.499989,0.4098409685,0.19733,0.499989,TRUE,TRUE,TRUE,FluAH1N1,PA,2060,Non,PA_G2060A,6742
1904801-PB2-341,0.395447281,0.264408,0.499273,0.383312535,0.240595,0.499915,0.398673734000001,0.240595,0.499915,TRUE,TRUE,TRUE,FluAH1N1,PB2,341,Non,PB2_C341A,341
1905602-NA_-689,0.39775499321,0.221121,0.499644,0.3882391161,0.203296,0.49997,0.39933914882,0.203296,0.49997,TRUE,TRUE,TRUE,FluAH1N1,NA_,689,Non,NA__G689A,10946
1905602-NA_-843,0.387954875200001,0.191832,0.499891,0.378257543759999,0.204708,0.499771,0.4022465649,0.204708,0.499771,TRUE,TRUE,TRUE,FluAH1N1,NA_,843,Non,NA__C843T,11100
1907801-HA-1628,0.3985985894,0.226308,0.499883,0.3776867955,0.195021,0.499869,0.4083542076,0.195021,0.499869,TRUE,TRUE,TRUE,FluAH1N1,HA,1628,Syn,HA_G1628A,8543
1909403-PB2-598,0.39932502,0.300255,0.49861,0.393825525,0.283088,0.498063,0.403029545,0.283088,0.498063,TRUE,TRUE,TRUE,FluAH1N1,PB2,598,Non,PB2_G598A,598
1806902-NP-1071,0.120104054466,0.0349149,0.223207,0.121655428086,0.0136938,0.228024,0.119856659918,0.0136938,0.228024,TRUE,TRUE,TRUE,FluAH1N1,NP,1071,Syn,NP_G1071A,9763
1806902-PB1-1040,0.423817031,0.29161,0.499974,0.4055763784,0.227995,0.499955,0.436790862,0.227995,0.499955,TRUE,TRUE,TRUE,FluAH1N1,PB1,1040,Non,PB1_T1040C,3381
1806902-PB2-1874,0.1669708187,0.0606399,0.286412,0.16861680071,0.0436887,0.33016,0.1683937076,0.0436887,0.33016,TRUE,TRUE,TRUE,FluAH1N1,PB2,1874,Non,PB2_T1874C,1874
1910302-NS-88,0.32157417599,0.137614,0.499363,0.312690723629999,0.0999979,0.496561,0.338395577099999,0.0999979,0.496561,TRUE,TRUE,TRUE,FluAH1N1,NS,88,Non,NS_G88A,12831
1902701-NA_-843,0.391805137,0.276292,0.499368,0.383964839,0.255156,0.499417,0.39778826,0.255156,0.499417,TRUE,TRUE,TRUE,FluAH1N1,NA_,843,Non,NA__C843T,11100
1903904-NA_-1417,0.18848935743,0.0681686,0.332672,0.1755971508,0.0135719,0.335714,0.18831906756,0.0135719,0.335714,TRUE,TRUE,TRUE,FluAH1N1,NA_,1417,Non,NA__C1417T,11674
